artés+,2.07944154168
parques,0.51986038542
recreación,0.51986038542
presidencial,0.51986038542
eduardo,0.389895289065
organizada,0.389895289065
unión patriótica,0.389895289065
realización,0.389895289065
fuerzas,0.389895289065
patriótico popular,0.389895289065
brichetti,0.389895289065
patriótica upa,0.389895289065
desarrollaremos,0.389895289065
gobierno patriótico,0.389895289065
soberanía,0.34657359028
física,0.25993019271
estatal,0.25993019271
plurinacional,0.25993019271
orden,0.25993019271
recursos naturales,0.25993019271
odiosa,0.25993019271
centro,0.25993019271
manos,0.25993019271
demás,0.25993019271
creara,0.25993019271
etc,0.25993019271
candidatura,0.25993019271
ascenso,0.25993019271
partido,0.25993019271
humanos,0.25993019271
escalafón,0.25993019271
único,0.25993019271
asamblea,0.25993019271
pueblos,0.25993019271
natural,0.25993019271
capitales,0.25993019271
urbanos,0.25993019271
integrantes,0.25993019271
eliminando,0.25993019271
canales,0.25993019271
dueños,0.25993019271
industrialización,0.25993019271
pasaran,0.25993019271
reconocemos,0.25993019271
pueblo,0.25993019271
tamaño,0.25993019271
constituyente,0.25993019271
plazas,0.25993019271
superior,0.25993019271
tripartito,0.25993019271
económicos,0.17328679514
viviendas,0.17328679514
elección,0.17328679514
medida,0.17328679514
lugares,0.17328679514
tratados,0.17328679514
telecomunicaciones,0.17328679514
nunca,0.129965096355
realizaremos,0.129965096355
pasajeros,0.129965096355
productivo,0.129965096355
grande,0.129965096355
fortalecemos,0.129965096355
benéfico,0.129965096355
transporte,0.129965096355
encabezado,0.129965096355
bolsillo,0.129965096355
ajenas,0.129965096355
ff,0.129965096355
limpias,0.129965096355
junio,0.129965096355
falta,0.129965096355
mar,0.129965096355
mas,0.129965096355
grados,0.129965096355
suboficiales,0.129965096355
hecho,0.129965096355
máquinas,0.129965096355
cavernarias,0.129965096355
después,0.129965096355
peces,0.129965096355
fauna,0.129965096355
desatara,0.129965096355
actuaran,0.129965096355
provinciales,0.129965096355
financieras,0.129965096355
extranjero,0.129965096355
lucran,0.129965096355
implantara,0.129965096355
taxis,0.129965096355
empleador,0.129965096355
dignos,0.129965096355
asesinato,0.129965096355
trabajara,0.129965096355
flora,0.129965096355
luego,0.129965096355
violación,0.129965096355
preocupación,0.129965096355
pimes,0.129965096355
posibiliten,0.129965096355
realizarse,0.129965096355
eliminaremos,0.129965096355
discriminador,0.129965096355
muestren,0.129965096355
pondrán,0.129965096355
cultores,0.129965096355
contra,0.129965096355
disciplinaria,0.129965096355
equipamiento,0.129965096355
requeridos,0.129965096355
especializados,0.129965096355
casas,0.129965096355
gestionaran,0.129965096355
renovables,0.129965096355
colocándolos,0.129965096355
medios,0.129965096355
potencias,0.129965096355
marginal,0.129965096355
propiedad,0.129965096355
claro,0.129965096355
graves,0.129965096355
protegeremos,0.129965096355
asegurando,0.129965096355
trabajador,0.129965096355
deja,0.129965096355
subsidios,0.129965096355
pobladores,0.129965096355
contiene,0.129965096355
efectivamente,0.129965096355
programático,0.129965096355
posibilitando,0.129965096355
movilidad,0.129965096355
interacción,0.129965096355
garantizado,0.129965096355
deporte,0.129965096355
energías,0.129965096355
reeduquen,0.129965096355
podrán,0.129965096355
paguen,0.129965096355
mapuche,0.129965096355
carga,0.129965096355
armadas,0.129965096355
aseguraremos,0.129965096355
aimara,0.129965096355
preventivas,0.129965096355
importación,0.129965096355
rincón,0.129965096355
aseguradoras,0.129965096355
inferiores,0.129965096355
privilegie,0.129965096355
caracteriza,0.129965096355
mental,0.129965096355
música,0.129965096355
el,0.129965096355
militares,0.129965096355
malogradas,0.129965096355
deformación,0.129965096355
populares,0.129965096355
visuales,0.129965096355
upa,0.129965096355
barriales,0.129965096355
comunitarios,0.129965096355
particulares,0.129965096355
organizados,0.129965096355
edad,0.129965096355
connotación,0.129965096355
impidiendo,0.129965096355
sólida,0.129965096355
carcelaria,0.129965096355
vejes,0.129965096355
existir,0.129965096355
bosques,0.129965096355
pena,0.129965096355
estudiantiles,0.129965096355
vecinos,0.129965096355
expuestos,0.129965096355
patrióticos,0.129965096355
aun,0.129965096355
conecte,0.129965096355
buses,0.129965096355
tv,0.129965096355
torno,0.129965096355
presente,0.129965096355
segregada,0.129965096355
educacional,0.129965096355
constituyen,0.129965096355
reclusión,0.129965096355
levantando,0.129965096355
administrado,0.129965096355
elevar,0.129965096355
hará,0.129965096355
teatro,0.129965096355
copamiento,0.129965096355
íntima,0.129965096355
hacinamiento,0.129965096355
primera,0.08664339757
medio,0.08664339757
significa,0.08664339757
afp,0.08664339757
previsional,0.08664339757
lograr,0.08664339757
fondos,0.08664339757
vivienda,0.08664339757
debemos,0.08664339757
central,0.08664339757
privadas,0.08664339757
justicia,0.08664339757
basado,0.08664339757
dejar,0.08664339757
carácter,0.08664339757
diversas,0.08664339757
cargo,0.08664339757
valores,0.08664339757
generando,0.08664339757
fomentaremos,0.08664339757
marco,0.08664339757
decir,0.08664339757
gente,0.08664339757
recuperación,0.08664339757
personal,0.043321698785
cuidado,0.043321698785
intereses,0.043321698785
realidad,0.043321698785
total,0.043321698785
dar,0.043321698785
diversos,0.043321698785
desigualdad,0.043321698785
